{"cameraMode":{"drawMode":0,"name":"Shaded","section":"Shading Mode"},"sceneLighting":true,"audioPlay":false,"sceneViewState":{"m_AlwaysRefresh":false,"showFog":true,"showSkybox":true,"showFlares":true,"showImageEffects":true,"showParticleSystems":true,"showVisualEffectGraphs":true,"m_FxEnabled":false},"in2DMode":false,"pivot":{"x":0.49351733922958376,"y":3.772130250930786,"z":9.362968444824219},"rotation":{"x":-0.014763392508029938,"y":0.9851049184799194,"z":-0.12959963083267213,"w":-0.11217193305492401},"size":0.8660253882408142,"orthographic":false}