{"cameraMode":{"drawMode":0,"name":"Shaded","section":"Shading Mode"},"sceneLighting":true,"audioPlay":false,"sceneViewState":{"m_AlwaysRefresh":false,"showFog":true,"showSkybox":true,"showFlares":true,"showImageEffects":true,"showParticleSystems":true,"showVisualEffectGraphs":true,"m_FxEnabled":false},"in2DMode":false,"pivot":{"x":-23.687978744506837,"y":25.688739776611329,"z":258.9753723144531},"rotation":{"x":-0.4310726821422577,"y":0.02648784965276718,"z":-0.013940727338194847,"w":-0.902111828327179},"size":0.8660253882408142,"orthographic":false}