{"cameraMode":{"drawMode":0,"name":"Shaded","section":"Shading Mode"},"sceneLighting":true,"audioPlay":false,"sceneViewState":{"m_AlwaysRefresh":false,"showFog":true,"showSkybox":true,"showFlares":true,"showImageEffects":true,"showParticleSystems":true,"showVisualEffectGraphs":true,"m_FxEnabled":false},"in2DMode":false,"pivot":{"x":3.3411712646484377,"y":7.008464813232422,"z":-12.817851066589356},"rotation":{"x":-0.16610610485076905,"y":0.12772323191165925,"z":-0.021700048819184305,"w":-0.9775753617286682},"size":5.4339752197265629,"orthographic":false}