{"cameraMode":{"drawMode":0,"name":"Shaded","section":"Shading Mode"},"sceneLighting":true,"audioPlay":false,"sceneViewState":{"m_AlwaysRefresh":false,"showFog":true,"showSkybox":true,"showFlares":true,"showImageEffects":true,"showParticleSystems":true,"showVisualEffectGraphs":true,"m_FxEnabled":false},"in2DMode":false,"pivot":{"x":0.04077482223510742,"y":22.885650634765626,"z":-6.145892143249512},"rotation":{"x":-0.35927367210388186,"y":0.24197259545326234,"z":-0.09700331836938858,"w":-0.8960959911346436},"size":6.633975982666016,"orthographic":false}