{"cameraMode":{"drawMode":0,"name":"Shaded","section":"Shading Mode"},"sceneLighting":true,"audioPlay":false,"sceneViewState":{"m_AlwaysRefresh":false,"showFog":true,"showSkybox":true,"showFlares":true,"showImageEffects":true,"showParticleSystems":true,"showVisualEffectGraphs":true,"m_FxEnabled":false},"in2DMode":false,"pivot":{"x":-5.2366437911987309,"y":1.8628427982330323,"z":-4.409363746643066},"rotation":{"x":-0.037837520241737369,"y":0.9070605635643005,"z":-0.08350913226604462,"w":-0.41093453764915469},"size":5.4339752197265629,"orthographic":false}