{"cameraMode":{"drawMode":0,"name":"Shaded","section":"Shading Mode"},"sceneLighting":true,"audioPlay":false,"sceneViewState":{"m_AlwaysRefresh":false,"showFog":true,"showSkybox":true,"showFlares":true,"showImageEffects":true,"showParticleSystems":true,"showVisualEffectGraphs":true,"m_FxEnabled":false},"in2DMode":false,"pivot":{"x":-36.45064926147461,"y":41.152278900146487,"z":258.86700439453127},"rotation":{"x":-0.44122087955474856,"y":-0.15148691833019257,"z":0.0745476558804512,"w":-0.8816772103309631},"size":0.8660253882408142,"orthographic":false}